{
  "winnipeg": {
    "latitudes": [49.770658, 49.990069],
    "longitudes": [-97.345124, -96.960306]
  },
  "calgary": {
    "latitudes": [50.894430, 51.175286],
    "longitudes": [-114.245692, -113.908529]
  }
}